household_id,child_id,school_contacts,school_id
0,6960,35,2
0,6961,58,6
1,6962,92,5
3,6963,25,9
3,6964,85,1
4,6965,15,9
4,6966,18,1
7,6967,72,7
8,6968,31,2
9,6969,16,2
9,6970,92,4
10,6971,77,5
10,6972,58,1
10,6973,78,6
10,6974,59,1
11,6975,26,0
11,6976,38,3
11,6977,95,8
11,6978,33,3
13,6979,92,1
13,6980,86,8
14,6981,28,3
14,6982,82,0
15,6983,47,4
15,6984,61,4
15,6985,17,8
17,6986,59,7
18,6987,96,4
19,6988,100,4
20,6989,71,3
20,6990,83,1
20,6991,100,1
22,6992,85,1
22,6993,54,8
22,6994,99,0
22,6995,76,9
23,6996,38,2
23,6997,61,3
23,6998,51,9
26,6999,95,5
26,7000,46,9
27,7001,47,6
27,7002,58,6
27,7003,26,2
28,7004,32,2
29,7005,73,9
29,7006,21,0
30,7007,54,1
31,7008,73,2
31,7009,83,4
33,7010,95,1
33,7011,18,2
33,7012,65,5
35,7013,56,4
36,7014,91,6
37,7015,91,2
38,7016,72,6
38,7017,70,0
41,7018,56,2
41,7019,94,4
42,7020,29,5
43,7021,64,9
45,7022,94,9
45,7023,40,5
45,7024,47,3
46,7025,67,2
47,7026,21,7
48,7027,45,3
48,7028,16,3
48,7029,96,0
48,7030,90,8
48,7031,45,2
49,7032,75,2
49,7033,50,4
50,7034,59,7
51,7035,61,7
51,7036,32,1
53,7037,42,0
53,7038,10,0
54,7039,20,8
55,7040,50,1
55,7041,90,4
56,7042,98,9
57,7043,33,9
57,7044,86,4
58,7045,35,7
58,7046,81,5
59,7047,61,8
60,7048,69,7
60,7049,18,9
61,7050,99,0
61,7051,43,8
61,7052,66,9
63,7053,87,2
63,7054,23,1
64,7055,78,6
65,7056,96,4
65,7057,57,0
65,7058,41,7
65,7059,82,6
66,7060,76,1
67,7061,41,6
67,7062,73,0
67,7063,57,3
68,7064,72,0
69,7065,82,7
71,7066,94,3
71,7067,31,4
71,7068,40,8
72,7069,44,1
72,7070,99,4
73,7071,27,6
74,7072,60,1
74,7073,48,9
75,7074,87,3
76,7075,86,8
76,7076,39,7
76,7077,50,4
76,7078,18,4
76,7079,53,1
76,7080,87,7
76,7081,60,2
80,7082,78,3
81,7083,79,6
81,7084,100,0
81,7085,99,1
81,7086,52,7
82,7087,41,6
83,7088,81,7
83,7089,61,6
84,7090,91,5
84,7091,39,3
85,7092,63,8
86,7093,67,9
86,7094,87,5
86,7095,73,2
87,7096,81,6
87,7097,82,8
87,7098,74,2
88,7099,42,0
89,7100,27,0
90,7101,11,3
90,7102,25,3
90,7103,92,2
91,7104,70,6
91,7105,53,6
91,7106,44,2
92,7107,59,0
93,7108,74,1
93,7109,40,1
93,7110,83,6
93,7111,19,9
93,7112,16,3
94,7113,52,7
95,7114,65,7
96,7115,62,5
97,7116,73,9
98,7117,33,5
98,7118,25,8
98,7119,82,4
99,7120,88,5
100,7121,23,9
101,7122,61,3
102,7123,58,9
103,7124,95,3
103,7125,25,7
104,7126,72,3
105,7127,69,2
108,7128,38,3
109,7129,92,0
110,7130,32,9
111,7131,22,9
112,7132,63,6
112,7133,55,6
113,7134,43,6
119,7135,98,4
120,7136,94,1
121,7137,77,3
122,7138,13,6
123,7139,84,7
123,7140,38,4
125,7141,76,4
126,7142,57,2
128,7143,33,5
128,7144,37,4
128,7145,93,6
129,7146,67,6
130,7147,56,2
131,7148,86,1
132,7149,60,2
132,7150,58,8
132,7151,57,6
132,7152,77,2
133,7153,18,3
133,7154,89,0
133,7155,24,9
134,7156,98,5
134,7157,90,6
135,7158,76,4
136,7159,59,2
137,7160,66,9
139,7161,37,3
139,7162,53,0
139,7163,74,6
140,7164,29,7
142,7165,91,1
142,7166,55,3
142,7167,17,2
143,7168,25,1
144,7169,43,5
145,7170,38,0
145,7171,48,0
145,7172,48,6
146,7173,92,3
147,7174,12,2
149,7175,38,4
149,7176,16,8
149,7177,71,4
150,7178,98,9
151,7179,75,3
151,7180,34,8
151,7181,85,0
152,7182,10,2
152,7183,66,4
152,7184,66,7
154,7185,33,0
157,7186,66,1
157,7187,59,1
158,7188,68,3
159,7189,15,3
159,7190,67,3
159,7191,10,4
160,7192,59,5
160,7193,66,6
161,7194,35,3
161,7195,28,3
163,7196,36,6
163,7197,64,1
164,7198,99,3
164,7199,53,7
165,7200,23,3
165,7201,18,8
165,7202,41,5
165,7203,65,8
165,7204,74,5
165,7205,74,3
166,7206,33,3
167,7207,32,1
169,7208,14,7
169,7209,91,3
170,7210,43,7
171,7211,66,3
172,7212,42,6
173,7213,69,4
174,7214,37,9
175,7215,12,4
176,7216,52,1
177,7217,10,9
178,7218,24,4
178,7219,53,1
179,7220,74,5
180,7221,11,5
181,7222,19,4
182,7223,83,8
183,7224,41,5
184,7225,41,7
185,7226,19,0
185,7227,87,5
185,7228,78,7
187,7229,88,7
187,7230,81,3
187,7231,99,7
187,7232,69,4
189,7233,71,6
190,7234,95,0
191,7235,42,3
191,7236,25,7
192,7237,84,2
192,7238,51,8
192,7239,28,1
193,7240,91,9
196,7241,30,6
197,7242,95,8
198,7243,32,4
200,7244,50,1
200,7245,41,7
201,7246,34,7
202,7247,63,1
204,7248,78,4
205,7249,42,0
205,7250,93,9
206,7251,67,0
207,7252,34,3
207,7253,68,7
210,7254,63,6
211,7255,90,0
212,7256,24,6
213,7257,51,3
213,7258,28,7
213,7259,73,9
214,7260,39,3
215,7261,95,3
215,7262,64,3
215,7263,91,8
216,7264,31,9
216,7265,14,4
217,7266,92,1
219,7267,21,2
222,7268,29,7
222,7269,96,3
224,7270,13,2
225,7271,25,5
227,7272,69,8
228,7273,99,9
228,7274,18,0
229,7275,69,7
230,7276,59,2
230,7277,50,2
230,7278,85,9
230,7279,62,1
230,7280,76,8
230,7281,71,7
230,7282,87,5
232,7283,83,2
232,7284,87,0
233,7285,83,1
234,7286,25,6
234,7287,57,8
235,7288,43,2
235,7289,55,0
237,7290,62,7
238,7291,51,5
240,7292,84,4
241,7293,51,9
241,7294,11,8
241,7295,90,5
242,7296,12,3
242,7297,77,0
244,7298,90,4
245,7299,55,6
246,7300,78,0
246,7301,73,6
247,7302,66,7
247,7303,73,2
247,7304,51,4
247,7305,52,3
248,7306,77,3
250,7307,50,1
251,7308,12,0
251,7309,77,9
251,7310,83,5
254,7311,25,5
254,7312,44,8
254,7313,84,1
254,7314,65,6
255,7315,45,0
256,7316,72,5
256,7317,43,1
257,7318,98,1
258,7319,78,2
259,7320,96,0
260,7321,55,6
261,7322,39,8
263,7323,54,0
264,7324,53,2
265,7325,96,8
265,7326,65,5
265,7327,23,5
268,7328,90,3
269,7329,54,4
270,7330,68,0
271,7331,22,2
271,7332,98,9
271,7333,11,6
271,7334,43,2
272,7335,16,8
272,7336,50,3
273,7337,56,9
273,7338,78,7
274,7339,99,0
274,7340,19,6
275,7341,22,1
275,7342,95,9
277,7343,52,4
277,7344,26,0
278,7345,64,3
278,7346,76,3
279,7347,15,5
280,7348,27,1
281,7349,48,3
282,7350,45,2
282,7351,90,8
284,7352,81,9
284,7353,87,0
288,7354,87,5
289,7355,80,5
291,7356,42,2
291,7357,37,7
291,7358,53,1
292,7359,21,9
293,7360,24,1
294,7361,55,6
296,7362,24,2
298,7363,37,3
299,7364,29,0
299,7365,79,3
299,7366,87,7
301,7367,21,3
301,7368,59,9
301,7369,22,0
302,7370,85,8
302,7371,77,1
303,7372,55,3
304,7373,49,6
304,7374,45,8
304,7375,73,6
304,7376,59,5
304,7377,81,3
305,7378,69,1
306,7379,39,2
306,7380,78,2
306,7381,29,9
306,7382,40,3
310,7383,33,7
310,7384,74,5
311,7385,96,3
312,7386,10,3
312,7387,28,0
315,7388,69,7
315,7389,66,9
316,7390,30,4
317,7391,87,9
318,7392,18,5
318,7393,25,0
319,7394,19,8
320,7395,82,3
320,7396,45,7
320,7397,20,3
320,7398,92,0
321,7399,41,4
321,7400,91,9
322,7401,53,1
322,7402,69,2
324,7403,51,4
325,7404,30,7
325,7405,85,5
326,7406,34,7
327,7407,15,4
327,7408,89,9
327,7409,87,7
328,7410,27,4
328,7411,36,8
328,7412,79,8
329,7413,82,6
330,7414,94,9
331,7415,22,4
332,7416,15,4
333,7417,61,1
334,7418,31,6
334,7419,93,8
334,7420,27,8
335,7421,70,0
338,7422,22,2
338,7423,25,1
339,7424,44,4
339,7425,69,8
339,7426,76,3
339,7427,12,4
341,7428,47,4
342,7429,54,2
344,7430,16,7
344,7431,54,3
345,7432,24,0
346,7433,26,4
347,7434,74,9
347,7435,66,1
348,7436,97,7
350,7437,68,8
351,7438,82,1
351,7439,47,7
351,7440,99,9
352,7441,58,7
352,7442,36,5
353,7443,27,3
354,7444,62,4
355,7445,64,5
357,7446,47,3
361,7447,88,3
362,7448,45,0
363,7449,82,0
363,7450,81,5
364,7451,17,6
365,7452,57,4
365,7453,97,5
365,7454,27,8
365,7455,71,4
366,7456,33,8
368,7457,46,0
369,7458,54,5
370,7459,13,8
370,7460,22,3
370,7461,32,7
370,7462,27,1
371,7463,51,2
372,7464,23,3
372,7465,80,9
373,7466,47,5
373,7467,77,0
373,7468,36,1
374,7469,91,1
375,7470,61,7
376,7471,46,1
376,7472,64,5
376,7473,89,4
376,7474,26,5
376,7475,40,8
376,7476,90,0
376,7477,86,8
377,7478,48,7
380,7479,93,6
382,7480,49,3
383,7481,95,2
384,7482,90,9
385,7483,32,2
385,7484,23,4
386,7485,81,6
386,7486,67,0
386,7487,46,3
388,7488,25,8
388,7489,83,4
388,7490,90,0
389,7491,40,0
390,7492,54,4
390,7493,90,8
391,7494,12,2
393,7495,67,2
393,7496,28,0
394,7497,90,5
394,7498,55,7
397,7499,19,3
398,7500,38,4
398,7501,82,4
400,7502,47,8
401,7503,82,6
401,7504,19,3
403,7505,42,5
404,7506,18,7
404,7507,28,7
405,7508,65,4
406,7509,36,7
406,7510,59,8
407,7511,73,7
408,7512,15,3
408,7513,12,8
408,7514,45,6
409,7515,80,1
410,7516,28,2
411,7517,93,0
411,7518,92,3
412,7519,52,1
413,7520,89,1
414,7521,90,9
414,7522,100,7
415,7523,43,1
416,7524,13,9
416,7525,72,4
416,7526,19,3
417,7527,16,9
417,7528,44,7
419,7529,59,5
420,7530,75,3
420,7531,88,6
420,7532,43,2
421,7533,63,9
422,7534,46,6
425,7535,58,3
426,7536,15,5
426,7537,83,7
427,7538,82,3
427,7539,95,1
427,7540,45,6
427,7541,78,0
428,7542,34,2
428,7543,24,9
428,7544,73,1
429,7545,41,1
429,7546,74,8
429,7547,32,1
429,7548,16,0
431,7549,16,2
431,7550,64,0
432,7551,35,9
432,7552,35,0
433,7553,16,3
434,7554,50,6
434,7555,10,3
436,7556,74,7
436,7557,80,5
437,7558,64,1
438,7559,98,2
439,7560,21,5
440,7561,39,9
441,7562,16,9
442,7563,51,4
442,7564,61,3
442,7565,49,0
445,7566,80,3
447,7567,80,9
447,7568,26,0
448,7569,28,9
449,7570,97,5
450,7571,30,1
451,7572,56,2
451,7573,15,2
452,7574,92,6
452,7575,27,1
452,7576,66,6
452,7577,77,1
452,7578,80,0
453,7579,25,1
453,7580,79,5
454,7581,18,9
454,7582,30,1
455,7583,94,6
455,7584,49,3
455,7585,52,6
455,7586,80,4
455,7587,91,7
457,7588,64,9
460,7589,37,7
461,7590,44,2
461,7591,94,6
462,7592,20,4
462,7593,67,8
462,7594,35,8
464,7595,20,5
464,7596,13,6
465,7597,62,2
466,7598,59,5
466,7599,78,5
466,7600,59,9
468,7601,56,6
468,7602,16,5
468,7603,17,5
469,7604,90,1
469,7605,61,7
471,7606,28,8
471,7607,38,2
472,7608,38,1
473,7609,92,2
474,7610,13,1
474,7611,16,5
475,7612,59,1
475,7613,17,5
476,7614,46,4
476,7615,62,3
478,7616,52,5
482,7617,85,3
482,7618,16,7
482,7619,65,2
482,7620,64,7
483,7621,14,2
484,7622,11,2
485,7623,25,0
485,7624,19,0
485,7625,83,1
485,7626,23,2
486,7627,92,2
486,7628,69,4
487,7629,11,6
488,7630,20,9
489,7631,42,9
490,7632,46,8
490,7633,86,2
491,7634,68,4
491,7635,48,7
491,7636,84,1
491,7637,70,9
492,7638,42,2
492,7639,93,6
492,7640,79,3
493,7641,95,1
494,7642,11,6
494,7643,68,4
495,7644,77,1
495,7645,64,5
495,7646,49,9
497,7647,25,8
498,7648,61,1
499,7649,60,3
502,7650,62,7
502,7651,12,3
502,7652,15,2
503,7653,87,4
503,7654,56,0
504,7655,98,9
506,7656,86,4
507,7657,35,4
511,7658,85,7
511,7659,99,9
511,7660,96,1
512,7661,22,2
513,7662,73,5
513,7663,19,4
514,7664,66,5
515,7665,14,4
515,7666,59,0
515,7667,89,1
515,7668,94,8
515,7669,15,0
516,7670,53,9
516,7671,49,1
517,7672,72,7
518,7673,90,3
519,7674,35,7
519,7675,60,3
520,7676,23,7
521,7677,68,8
522,7678,41,5
523,7679,79,4
525,7680,45,5
525,7681,43,2
525,7682,12,2
526,7683,55,8
528,7684,39,8
528,7685,100,9
529,7686,43,6
530,7687,35,5
530,7688,34,4
530,7689,58,7
531,7690,29,5
533,7691,82,9
535,7692,45,4
536,7693,58,3
536,7694,46,9
538,7695,80,5
538,7696,36,4
540,7697,50,0
540,7698,62,6
540,7699,45,1
540,7700,72,4
541,7701,38,2
541,7702,98,2
541,7703,46,8
542,7704,66,9
542,7705,91,4
542,7706,30,0
543,7707,75,9
545,7708,65,6
545,7709,50,4
545,7710,16,0
546,7711,22,7
546,7712,18,2
547,7713,67,4
549,7714,71,3
549,7715,47,0
549,7716,52,8
550,7717,48,4
550,7718,50,2
551,7719,87,2
552,7720,16,2
553,7721,51,0
554,7722,86,8
555,7723,87,8
556,7724,48,2
557,7725,51,7
558,7726,93,2
560,7727,66,1
561,7728,99,9
562,7729,79,7
562,7730,24,0
562,7731,48,7
563,7732,34,0
563,7733,44,1
564,7734,76,8
564,7735,99,0
564,7736,23,3
565,7737,29,8
566,7738,79,7
566,7739,72,5
567,7740,90,0
567,7741,88,3
568,7742,66,8
568,7743,34,8
570,7744,89,1
570,7745,56,5
570,7746,43,8
570,7747,41,4
571,7748,44,8
571,7749,26,0
571,7750,99,4
572,7751,73,7
573,7752,22,1
574,7753,84,5
577,7754,24,4
579,7755,78,1
580,7756,84,8
582,7757,73,5
583,7758,59,8
585,7759,14,6
588,7760,45,9
588,7761,55,7
589,7762,38,1
590,7763,60,5
590,7764,84,5
590,7765,69,7
590,7766,24,6
592,7767,30,2
592,7768,73,9
593,7769,40,1
594,7770,63,8
594,7771,89,9
594,7772,20,2
595,7773,66,0
597,7774,18,6
598,7775,32,1
600,7776,45,3
601,7777,63,5
602,7778,29,1
602,7779,69,0
604,7780,67,4
604,7781,20,0
605,7782,40,1
605,7783,76,4
605,7784,80,4
605,7785,63,5
606,7786,44,2
607,7787,21,1
609,7788,85,1
609,7789,50,8
609,7790,82,9
611,7791,76,3
611,7792,70,1
611,7793,11,2
611,7794,62,6
612,7795,48,2
613,7796,30,6
614,7797,76,8
617,7798,80,6
617,7799,39,5
617,7800,93,3
617,7801,12,4
617,7802,97,5
617,7803,13,6
617,7804,33,5
617,7805,40,1
618,7806,41,3
618,7807,95,9
619,7808,84,1
620,7809,79,8
621,7810,48,6
621,7811,84,7
622,7812,98,4
623,7813,15,2
624,7814,85,2
624,7815,12,3
625,7816,44,2
626,7817,11,1
626,7818,23,7
626,7819,83,9
626,7820,61,4
626,7821,11,0
626,7822,79,5
626,7823,73,7
626,7824,74,7
626,7825,59,1
627,7826,21,0
627,7827,37,4
627,7828,34,5
628,7829,36,7
628,7830,21,7
629,7831,52,4
629,7832,76,8
629,7833,59,3
630,7834,86,2
632,7835,72,1
632,7836,71,0
633,7837,82,2
633,7838,87,0
633,7839,12,7
634,7840,40,5
634,7841,52,7
635,7842,28,4
637,7843,62,3
637,7844,13,9
639,7845,75,9
639,7846,21,9
639,7847,56,5
641,7848,91,4
641,7849,62,0
641,7850,32,4
641,7851,29,3
641,7852,98,8
641,7853,91,2
641,7854,97,0
643,7855,79,2
644,7856,61,2
645,7857,93,9
646,7858,78,4
646,7859,28,4
646,7860,22,8
646,7861,72,9
646,7862,80,4
647,7863,29,8
647,7864,19,7
647,7865,85,0
648,7866,33,9
649,7867,95,2
650,7868,32,2
651,7869,44,4
653,7870,30,3
654,7871,95,2
654,7872,64,3
654,7873,90,7
655,7874,47,4
658,7875,54,5
659,7876,31,6
659,7877,24,5
660,7878,59,5
660,7879,23,0
661,7880,53,0
661,7881,32,3
661,7882,39,2
663,7883,74,5
663,7884,55,2
663,7885,53,6
664,7886,72,3
665,7887,75,2
667,7888,53,5
667,7889,72,8
668,7890,24,2
668,7891,69,8
668,7892,61,8
670,7893,18,1
670,7894,48,4
671,7895,43,0
672,7896,35,8
675,7897,29,7
675,7898,84,7
676,7899,47,2
676,7900,81,2
676,7901,11,0
676,7902,31,7
677,7903,29,7
679,7904,27,2
680,7905,79,1
681,7906,75,0
681,7907,64,6
682,7908,46,0
683,7909,15,2
683,7910,91,0
683,7911,23,9
684,7912,94,0
684,7913,84,0
684,7914,53,3
685,7915,71,1
686,7916,31,5
688,7917,90,0
689,7918,76,0
689,7919,100,5
690,7920,85,8
691,7921,75,2
692,7922,52,8
694,7923,97,6
695,7924,61,4
695,7925,99,4
697,7926,36,5
697,7927,61,7
698,7928,60,9
699,7929,65,6
700,7930,90,5
700,7931,48,3
700,7932,74,6
702,7933,46,2
702,7934,23,2
704,7935,48,9
708,7936,13,7
709,7937,48,3
710,7938,26,9
710,7939,65,5
711,7940,29,6
711,7941,29,4
712,7942,61,3
712,7943,17,7
712,7944,36,8
712,7945,27,5
714,7946,86,9
714,7947,18,7
715,7948,95,9
715,7949,13,4
716,7950,83,8
717,7951,43,8
718,7952,70,1
718,7953,67,1
718,7954,49,0
720,7955,48,7
721,7956,64,8
722,7957,91,1
723,7958,49,6
723,7959,56,5
723,7960,68,1
724,7961,30,0
725,7962,47,1
726,7963,44,6
726,7964,71,2
727,7965,40,4
728,7966,52,1
729,7967,39,2
729,7968,50,7
729,7969,36,5
730,7970,85,9
730,7971,16,8
730,7972,57,4
731,7973,67,2
732,7974,97,5
732,7975,74,4
732,7976,66,9
733,7977,33,5
733,7978,21,8
734,7979,95,2
735,7980,97,8
736,7981,72,1
736,7982,93,8
736,7983,56,1
737,7984,59,6
737,7985,62,4
738,7986,14,9
738,7987,12,6
739,7988,87,4
740,7989,54,0
741,7990,56,4
741,7991,12,8
742,7992,79,9
743,7993,43,7
744,7994,50,7
747,7995,24,4
748,7996,38,5
748,7997,48,8
750,7998,32,9
751,7999,22,6
751,8000,39,7
752,8001,63,5
752,8002,43,6
753,8003,15,7
753,8004,59,7
755,8005,42,1
755,8006,44,6
755,8007,71,1
756,8008,98,3
759,8009,34,5
759,8010,70,3
760,8011,29,8
761,8012,80,2
761,8013,58,0
762,8014,81,3
762,8015,23,9
762,8016,33,2
766,8017,67,2
767,8018,21,7
767,8019,89,8
767,8020,13,7
769,8021,23,4
770,8022,95,0
771,8023,83,7
771,8024,95,4
772,8025,57,6
776,8026,33,9
777,8027,58,6
778,8028,40,7
778,8029,82,7
779,8030,37,4
779,8031,48,5
780,8032,82,4
780,8033,80,3
781,8034,84,6
782,8035,66,7
785,8036,16,4
786,8037,64,9
787,8038,15,7
788,8039,18,7
789,8040,87,3
789,8041,54,7
790,8042,32,3
791,8043,83,5
791,8044,12,0
792,8045,91,2
792,8046,96,3
793,8047,14,0
793,8048,66,2
794,8049,29,2
795,8050,77,6
796,8051,58,9
797,8052,71,1
797,8053,52,8
798,8054,88,4
798,8055,24,0
799,8056,72,8
799,8057,99,7
799,8058,90,2
799,8059,20,4
799,8060,85,4
799,8061,40,7
799,8062,85,5
799,8063,74,0
799,8064,21,4
800,8065,20,4
801,8066,95,6
801,8067,93,0
802,8068,47,9
803,8069,47,8
804,8070,95,4
805,8071,97,8
806,8072,33,8
808,8073,96,3
808,8074,84,5
810,8075,52,6
812,8076,94,8
812,8077,20,6
812,8078,87,2
813,8079,52,8
814,8080,56,7
814,8081,92,8
814,8082,76,9
814,8083,69,3
814,8084,14,0
815,8085,30,7
815,8086,63,2
815,8087,40,7
816,8088,13,7
817,8089,23,7
817,8090,31,4
817,8091,73,1
819,8092,87,1
819,8093,99,7
819,8094,71,1
819,8095,95,2
820,8096,98,5
821,8097,82,6
822,8098,92,8
822,8099,24,7
822,8100,25,4
824,8101,24,8
825,8102,99,4
826,8103,41,0
826,8104,60,6
826,8105,62,9
826,8106,18,8
826,8107,45,4
826,8108,31,2
826,8109,57,2
826,8110,84,9
826,8111,22,3
826,8112,45,7
826,8113,69,9
827,8114,39,2
828,8115,71,1
828,8116,79,0
829,8117,48,5
829,8118,47,0
830,8119,28,6
830,8120,53,7
831,8121,50,1
832,8122,97,4
832,8123,23,8
832,8124,20,8
832,8125,26,7
833,8126,96,1
833,8127,60,8
833,8128,71,3
834,8129,17,6
834,8130,18,2
835,8131,43,0
836,8132,86,4
838,8133,71,7
839,8134,65,6
840,8135,79,0
840,8136,25,6
843,8137,51,5
847,8138,68,0
847,8139,54,8
847,8140,25,7
848,8141,54,2
849,8142,43,2
850,8143,68,9
852,8144,86,9
852,8145,50,0
852,8146,93,1
852,8147,98,8
852,8148,17,4
853,8149,69,8
854,8150,74,6
854,8151,56,5
855,8152,90,5
855,8153,64,4
855,8154,84,1
856,8155,69,5
857,8156,56,8
858,8157,11,1
860,8158,29,5
861,8159,80,7
862,8160,38,8
862,8161,75,6
862,8162,39,6
862,8163,93,8
863,8164,46,9
863,8165,89,5
863,8166,99,4
864,8167,92,4
864,8168,95,6
866,8169,40,4
868,8170,37,0
869,8171,46,4
870,8172,21,9
873,8173,25,2
873,8174,55,4
876,8175,67,7
876,8176,21,2
876,8177,16,7
878,8178,42,1
878,8179,23,1
878,8180,17,2
878,8181,71,8
879,8182,46,9
879,8183,37,6
882,8184,89,5
883,8185,29,5
883,8186,20,9
883,8187,38,2
884,8188,35,0
885,8189,85,9
887,8190,70,9
887,8191,33,4
888,8192,39,2
888,8193,30,7
889,8194,68,8
890,8195,40,2
890,8196,39,5
891,8197,20,7
892,8198,95,0
893,8199,52,5
894,8200,54,7
894,8201,45,3
894,8202,95,3
894,8203,46,5
896,8204,72,0
899,8205,78,3
899,8206,63,6
900,8207,57,2
901,8208,68,8
901,8209,33,0
902,8210,21,9
904,8211,93,8
904,8212,67,5
904,8213,61,3
904,8214,16,7
905,8215,84,2
905,8216,61,2
906,8217,93,5
908,8218,82,8
908,8219,31,4
909,8220,43,4
910,8221,91,2
910,8222,78,3
911,8223,54,1
911,8224,18,8
912,8225,42,2
912,8226,61,2
912,8227,62,2
913,8228,51,5
914,8229,75,6
916,8230,69,1
917,8231,36,9
918,8232,76,6
919,8233,85,4
921,8234,14,4
922,8235,82,6
923,8236,86,6
924,8237,65,4
926,8238,56,9
927,8239,98,4
928,8240,17,0
930,8241,22,0
930,8242,14,3
931,8243,61,9
932,8244,42,9
932,8245,16,3
932,8246,95,3
934,8247,48,6
934,8248,50,0
935,8249,90,4
937,8250,49,9
939,8251,79,0
939,8252,15,8
939,8253,19,3
939,8254,30,0
940,8255,25,3
941,8256,24,6
942,8257,38,6
942,8258,26,7
943,8259,22,6
943,8260,97,5
943,8261,55,3
943,8262,98,7
944,8263,72,3
944,8264,12,3
944,8265,71,3
945,8266,91,6
946,8267,93,5
948,8268,42,8
948,8269,46,8
949,8270,45,6
951,8271,55,6
952,8272,65,2
952,8273,52,4
955,8274,55,3
960,8275,25,5
962,8276,64,3
963,8277,29,9
963,8278,12,4
963,8279,84,6
963,8280,91,2
963,8281,71,6
963,8282,84,1
963,8283,28,6
965,8284,98,4
965,8285,73,1
966,8286,10,8
966,8287,59,4
967,8288,58,7
968,8289,28,5
969,8290,12,5
970,8291,12,6
970,8292,92,4
970,8293,20,5
971,8294,38,5
972,8295,98,7
973,8296,36,1
974,8297,14,0
975,8298,39,6
975,8299,26,1
976,8300,89,9
977,8301,46,5
978,8302,40,7
979,8303,83,1
979,8304,42,7
980,8305,74,6
980,8306,60,4
981,8307,66,9
981,8308,45,7
982,8309,40,0
983,8310,88,3
983,8311,45,1
984,8312,73,4
984,8313,70,5
984,8314,63,2
984,8315,11,7
985,8316,90,7
987,8317,93,9
987,8318,63,0
988,8319,94,7
988,8320,12,1
988,8321,58,8
988,8322,88,3
990,8323,15,6
990,8324,35,3
990,8325,27,3
990,8326,32,7
991,8327,98,6
991,8328,58,7
992,8329,93,8
993,8330,82,0
993,8331,22,8
994,8332,95,1
994,8333,28,1
998,8334,41,0
998,8335,15,1
998,8336,68,0
1001,8337,61,2
1003,8338,14,7
1004,8339,52,2
1005,8340,73,5
1005,8341,60,9
1005,8342,63,1
1005,8343,65,3
1006,8344,34,4
1007,8345,77,0
1007,8346,32,2
1007,8347,97,5
1009,8348,32,4
1009,8349,87,3
1009,8350,17,1
1010,8351,35,1
1011,8352,49,8
1011,8353,98,7
1011,8354,92,8
1012,8355,57,5
1012,8356,90,5
1013,8357,64,5
1013,8358,23,1
1014,8359,95,8
1017,8360,90,9
1017,8361,23,3
1017,8362,34,2
1019,8363,17,0
1020,8364,33,9
1020,8365,76,1
1021,8366,24,2
1022,8367,80,9
1023,8368,15,7
1024,8369,60,8
1024,8370,63,1
1024,8371,92,7
1025,8372,58,4
1025,8373,19,3
1026,8374,65,4
1026,8375,59,2
1027,8376,82,7
1027,8377,58,6
1027,8378,96,6
1027,8379,17,1
1028,8380,40,9
1029,8381,50,4
1030,8382,29,9
1031,8383,81,5
1031,8384,47,0
1032,8385,30,3
1033,8386,76,8
1033,8387,87,2
1033,8388,59,8
1034,8389,93,0
1035,8390,49,6
1035,8391,29,0
1035,8392,54,7
1036,8393,15,5
1037,8394,25,1
1038,8395,63,5
1038,8396,62,4
1039,8397,78,7
1042,8398,88,2
1042,8399,51,8
1042,8400,66,6
1042,8401,53,0
1042,8402,71,9
1042,8403,39,5
1042,8404,59,9
1043,8405,46,5
1043,8406,52,8
1043,8407,76,0
1044,8408,68,0
1044,8409,100,9
1046,8410,63,2
1047,8411,41,3
1047,8412,99,4
1048,8413,55,9
1049,8414,58,3
1049,8415,70,8
1049,8416,34,7
1050,8417,28,3
1050,8418,86,3
1051,8419,69,7
1052,8420,95,3
1053,8421,58,1
1054,8422,38,5
1057,8423,12,1
1060,8424,94,9
1061,8425,98,3
1061,8426,80,5
1061,8427,81,9
1062,8428,12,8
1063,8429,52,6
1063,8430,80,7
1064,8431,41,1
1065,8432,67,5
1065,8433,71,1
1067,8434,87,8
1069,8435,84,4
1069,8436,98,8
1070,8437,98,7
1070,8438,75,3
1071,8439,29,4
1072,8440,70,0
1072,8441,52,0
1072,8442,58,8
1073,8443,63,0
1076,8444,45,6
1077,8445,95,0
1077,8446,57,6
1077,8447,38,6
1077,8448,80,6
1078,8449,90,1
1078,8450,51,0
1079,8451,34,5
1080,8452,56,9
1082,8453,28,2
1082,8454,33,5
1082,8455,54,8
1082,8456,10,1
1082,8457,66,5
1082,8458,35,9
1082,8459,80,6
1084,8460,22,5
1085,8461,85,5
1086,8462,40,4
1086,8463,48,7
1089,8464,97,1
1090,8465,51,7
1092,8466,89,7
1092,8467,30,4
1092,8468,92,4
1093,8469,95,7
1094,8470,59,0
1095,8471,80,0
1095,8472,30,0
1095,8473,21,7
1096,8474,64,1
1096,8475,95,6
1097,8476,60,5
1097,8477,52,5
1098,8478,99,2
1098,8479,25,0
1098,8480,81,8
1100,8481,81,4
1100,8482,59,2
1101,8483,63,0
1102,8484,45,2
1103,8485,80,5
1105,8486,81,4
1105,8487,23,4
1107,8488,85,7
1107,8489,73,0
1107,8490,36,7
1109,8491,75,5
1109,8492,90,7
1111,8493,22,7
1111,8494,42,2
1112,8495,89,7
1113,8496,85,3
1113,8497,29,7
1114,8498,51,9
1115,8499,28,9
1117,8500,45,4
1118,8501,94,9
1118,8502,44,8
1118,8503,93,0
1119,8504,24,6
1120,8505,81,7
1120,8506,81,2
1122,8507,21,7
1122,8508,10,7
1122,8509,80,0
1122,8510,83,9
1123,8511,95,5
1124,8512,21,2
1125,8513,75,2
1126,8514,48,4
1126,8515,18,9
1126,8516,74,9
1126,8517,14,8
1126,8518,39,0
1126,8519,36,9
1127,8520,71,7
1127,8521,81,8
1127,8522,42,9
1127,8523,92,9
1128,8524,52,6
1128,8525,44,7
1131,8526,31,2
1133,8527,42,3
1134,8528,36,2
1134,8529,33,6
1134,8530,66,4
1135,8531,58,6
1137,8532,100,0
1140,8533,23,5
1141,8534,33,6
1141,8535,49,2
1141,8536,84,9
1142,8537,15,6
1143,8538,17,7
1146,8539,61,5
1147,8540,85,0
1147,8541,14,0
1147,8542,42,6
1148,8543,12,6
1149,8544,54,7
1150,8545,23,3
1151,8546,52,7
1151,8547,28,8
1152,8548,68,4
1153,8549,91,3
1154,8550,21,9
1154,8551,15,3
1154,8552,68,2
1155,8553,98,4
1156,8554,23,9
1157,8555,43,6
1158,8556,49,7
1158,8557,30,4
1159,8558,18,5
1160,8559,25,0
1161,8560,68,6
1161,8561,35,0
1162,8562,35,6
1163,8563,51,3
1165,8564,46,1
1165,8565,23,5
1165,8566,29,0
1166,8567,57,5
1167,8568,14,9
1168,8569,49,6
1169,8570,38,5
1169,8571,11,9
1170,8572,26,9
1171,8573,51,3
1171,8574,91,5
1172,8575,11,9
1173,8576,24,8
1174,8577,100,9
1174,8578,99,2
1174,8579,27,0
1174,8580,56,8
1175,8581,72,8
1175,8582,64,9
1175,8583,75,8
1176,8584,19,1
1176,8585,31,8
1176,8586,93,6
1176,8587,68,4
1177,8588,24,9
1180,8589,33,3
1180,8590,22,8
1181,8591,62,2
1181,8592,93,1
1182,8593,85,3
1182,8594,98,3
1183,8595,84,4
1186,8596,77,4
1187,8597,13,1
1187,8598,87,7
1189,8599,85,0
1189,8600,21,1
1189,8601,33,4
1190,8602,19,9
1190,8603,89,0
1191,8604,34,6
1191,8605,98,2
1191,8606,88,4
1192,8607,14,9
1194,8608,90,1
1194,8609,52,6
1194,8610,47,1
1195,8611,94,4
1196,8612,64,5
1196,8613,71,3
1196,8614,11,2
1196,8615,15,2
1197,8616,19,0
1198,8617,86,0
1198,8618,74,3
1199,8619,65,6
1200,8620,31,3
1200,8621,71,5
1202,8622,43,7
1202,8623,96,9
1203,8624,62,7
1203,8625,79,6
1204,8626,70,1
1205,8627,31,4
1205,8628,87,5
1206,8629,29,7
1207,8630,29,1
1208,8631,64,2
1210,8632,64,9
1210,8633,12,0
1211,8634,96,9
1212,8635,57,5
1213,8636,20,6
1213,8637,99,9
1214,8638,63,5
1215,8639,34,1
1217,8640,14,8
1219,8641,29,5
1220,8642,14,2
1221,8643,13,1
1221,8644,24,7
1224,8645,70,2
1225,8646,96,5
1225,8647,20,3
1225,8648,66,2
1226,8649,46,6
1226,8650,59,4
1226,8651,60,9
1226,8652,69,6
1227,8653,34,2
1228,8654,96,2
1229,8655,25,9
1229,8656,64,5
1231,8657,24,7
1232,8658,31,7
1233,8659,76,2
1234,8660,41,0
1234,8661,43,5
1235,8662,72,8
1237,8663,20,5
1237,8664,48,7
1238,8665,26,8
1238,8666,14,8
1240,8667,52,6
1244,8668,68,4
1244,8669,27,1
1246,8670,92,8
1248,8671,53,6
1248,8672,94,7
1249,8673,45,7
1251,8674,35,1
1252,8675,99,2
1252,8676,73,0
1253,8677,50,0
1254,8678,11,3
1254,8679,51,9
1254,8680,87,7
1255,8681,73,5
1257,8682,26,5
1257,8683,80,9
1258,8684,59,5
1260,8685,54,6
1261,8686,58,9
1263,8687,57,5
1264,8688,49,5
1266,8689,51,5
1266,8690,63,4
1267,8691,32,6
1268,8692,17,3
1269,8693,91,4
1269,8694,67,1
1270,8695,51,9
1271,8696,35,6
1273,8697,89,3
1274,8698,67,2
1275,8699,87,2
1276,8700,22,1
1277,8701,46,1
1277,8702,78,7
1278,8703,86,0
1278,8704,21,3
1280,8705,37,0
1281,8706,37,8
1282,8707,98,5
1282,8708,93,8
1283,8709,49,6
1285,8710,79,2
1286,8711,80,8
1286,8712,98,3
1286,8713,78,2
1287,8714,48,7
1288,8715,14,9
1289,8716,30,3
1289,8717,35,8
1290,8718,26,5
1291,8719,68,3
1292,8720,92,7
1292,8721,86,8
1293,8722,32,7
1295,8723,14,3
1300,8724,25,8
1301,8725,71,6
1301,8726,38,7
1301,8727,50,7
1301,8728,54,3
1301,8729,64,6
1301,8730,33,1
1301,8731,75,0
1301,8732,53,1
1302,8733,24,4
1304,8734,40,0
1305,8735,73,9
1306,8736,78,0
1307,8737,73,8
1309,8738,64,0
1311,8739,88,5
1312,8740,45,4
1312,8741,73,6
1313,8742,69,0
1313,8743,76,9
1313,8744,13,0
1314,8745,35,6
1315,8746,39,8
1317,8747,82,5
1317,8748,67,2
1318,8749,77,6
1319,8750,16,8
1319,8751,69,2
1320,8752,94,5
1321,8753,55,5
1323,8754,78,5
1324,8755,44,5
1324,8756,71,0
1325,8757,95,7
1327,8758,34,2
1328,8759,72,9
1328,8760,95,8
1331,8761,24,4
1331,8762,18,3
1332,8763,50,8
1332,8764,31,7
1334,8765,58,9
1335,8766,32,6
1336,8767,63,3
1336,8768,70,2
1336,8769,62,0
1337,8770,35,5
1339,8771,85,3
1340,8772,38,4
1341,8773,55,0
1343,8774,35,2
1344,8775,89,1
1344,8776,64,1
1344,8777,51,1
1344,8778,76,7
1346,8779,92,3
1347,8780,88,0
1347,8781,72,0
1348,8782,92,4
1348,8783,92,3
1348,8784,19,3
1349,8785,51,5
1349,8786,62,4
1349,8787,12,2
1350,8788,51,2
1350,8789,15,7
1351,8790,47,4
1352,8791,63,5
1352,8792,66,3
1353,8793,74,7
1354,8794,59,9
1356,8795,84,5
1357,8796,93,0
1357,8797,52,9
1359,8798,74,5
1360,8799,52,7
1360,8800,27,1
1364,8801,19,1
1364,8802,14,1
1364,8803,14,5
1364,8804,65,2
1365,8805,96,0
1366,8806,57,3
1367,8807,70,1
1367,8808,55,1
1367,8809,70,6
1368,8810,31,9
1368,8811,56,1
1369,8812,84,3
1369,8813,34,7
1369,8814,76,8
1369,8815,92,6
1369,8816,24,0
1369,8817,74,6
1370,8818,79,7
1371,8819,89,0
1373,8820,13,9
1373,8821,40,7
1374,8822,75,8
1376,8823,33,8
1377,8824,24,2
1383,8825,55,5
1385,8826,22,1
1385,8827,79,8
1385,8828,69,7
1386,8829,80,7
1386,8830,62,6
1387,8831,15,0
1389,8832,31,5
1389,8833,42,2
1389,8834,15,5
1389,8835,77,6
1390,8836,40,1
1391,8837,20,6
1392,8838,17,2
1394,8839,77,5
1394,8840,87,5
1394,8841,11,8
1397,8842,94,4
1397,8843,62,6
1397,8844,27,0
1398,8845,51,9
1399,8846,65,3
1399,8847,10,8
1400,8848,67,7
1400,8849,73,6
1400,8850,88,4
1402,8851,47,0
1403,8852,73,1
1404,8853,24,5
1405,8854,34,6
1405,8855,29,5
1405,8856,28,9
1405,8857,82,6
1405,8858,44,1
1406,8859,39,9
1406,8860,34,7
1407,8861,77,6
1407,8862,39,9
1408,8863,19,8
1408,8864,95,2
1412,8865,64,1
1413,8866,18,5
1414,8867,50,9
1414,8868,40,6
1415,8869,26,6
1415,8870,62,0
1416,8871,92,0
1419,8872,70,2
1420,8873,49,2
1421,8874,90,3
1421,8875,25,5
1421,8876,61,8
1421,8877,39,0
1421,8878,41,9
1421,8879,98,2
1422,8880,73,2
1423,8881,86,2
1424,8882,32,2
1426,8883,96,4
1429,8884,20,8
1433,8885,90,7
1435,8886,45,1
1436,8887,18,8
1438,8888,55,9
1439,8889,32,4
1439,8890,30,1
1440,8891,40,2
1441,8892,79,2
1443,8893,34,9
1445,8894,22,7
1445,8895,89,7
1445,8896,16,4
1446,8897,36,3
1446,8898,84,3
1446,8899,73,4
1446,8900,12,8
1446,8901,38,0
1446,8902,15,3
1446,8903,93,1
1447,8904,25,2
1447,8905,92,8
1448,8906,51,0
1448,8907,64,5
1448,8908,41,2
1448,8909,21,3
1448,8910,63,4
1448,8911,18,8
1449,8912,54,8
1449,8913,17,7
1450,8914,15,5
1450,8915,77,5
1450,8916,51,1
1450,8917,49,4
1450,8918,60,1
1452,8919,88,3
1452,8920,36,8
1453,8921,60,8
1453,8922,37,3
1455,8923,83,5
1455,8924,83,3
1456,8925,11,9
1456,8926,99,2
1457,8927,86,9
1457,8928,85,0
1459,8929,31,5
1459,8930,51,5
1460,8931,98,9
1460,8932,55,3
1462,8933,58,0
1463,8934,65,9
1463,8935,13,3
1464,8936,30,3
1465,8937,96,9
1468,8938,70,5
1468,8939,53,6
1468,8940,33,1
1468,8941,96,0
1469,8942,97,7
1469,8943,25,9
1470,8944,80,5
1471,8945,40,7
1473,8946,38,1
1474,8947,90,7
1474,8948,31,4
1475,8949,32,4
1475,8950,65,1
1476,8951,46,4
1476,8952,97,2
1476,8953,93,4
1477,8954,98,4
1478,8955,27,9
1479,8956,71,5
1479,8957,40,6
1482,8958,52,2
1482,8959,97,3
1482,8960,21,2
1483,8961,31,2
1483,8962,60,5
1483,8963,34,9
1484,8964,16,6
1484,8965,31,7
1484,8966,67,7
1484,8967,29,7
1487,8968,92,5
1488,8969,97,5
1488,8970,60,7
1489,8971,98,2
1490,8972,88,9
1491,8973,77,7
1491,8974,42,2
1493,8975,69,4
1493,8976,54,1
1496,8977,69,0
1497,8978,51,9
1497,8979,32,6
1498,8980,26,5
1499,8981,47,9
1499,8982,15,3
1499,8983,95,6
1501,8984,18,9
1502,8985,96,8
1502,8986,99,5
1503,8987,94,6
1503,8988,41,2
1505,8989,95,3
1505,8990,52,2
1506,8991,33,4
1506,8992,27,4
1508,8993,90,4
1508,8994,18,0
1508,8995,66,8
1509,8996,95,4
1510,8997,24,5
1511,8998,25,7
1512,8999,50,4
1514,9000,43,7
1514,9001,30,1
1514,9002,22,3
1515,9003,13,7
1517,9004,94,0
1517,9005,21,4
1517,9006,47,0
1517,9007,79,3
1518,9008,40,5
1520,9009,37,9
1521,9010,44,9
1521,9011,70,3
1521,9012,33,0
1521,9013,15,4
1522,9014,35,5
1524,9015,10,8
1524,9016,51,4
1527,9017,91,7
1527,9018,16,9
1528,9019,12,9
1528,9020,95,6
1530,9021,72,8
1531,9022,24,5
1531,9023,80,0
1532,9024,70,4
1534,9025,48,8
1534,9026,35,6
1535,9027,30,3
1535,9028,97,1
1536,9029,74,7
1536,9030,90,8
1537,9031,73,8
1538,9032,28,3
1539,9033,13,7
1541,9034,62,3
1542,9035,90,5
1543,9036,16,9
1544,9037,22,2
1545,9038,23,5
1546,9039,77,8
1547,9040,49,4
1547,9041,39,9
1548,9042,28,9
1548,9043,96,4
1548,9044,59,5
1550,9045,75,1
1550,9046,80,2
1550,9047,94,7
1551,9048,21,1
1551,9049,46,3
1551,9050,42,0
1551,9051,65,9
1551,9052,79,0
1552,9053,67,6
1552,9054,23,6
1552,9055,95,7
1553,9056,20,9
1554,9057,21,9
1554,9058,80,5
1554,9059,79,0
1554,9060,75,1
1554,9061,72,2
1555,9062,73,4
1555,9063,20,1
1556,9064,89,1
1557,9065,95,5
1558,9066,68,5
1558,9067,40,1
1558,9068,93,3
1558,9069,96,8
1558,9070,73,0
1559,9071,18,9
1559,9072,18,3
1560,9073,41,3
1561,9074,67,8
1561,9075,86,7
1562,9076,23,7
1563,9077,21,1
1563,9078,69,5
1563,9079,76,5
1564,9080,11,2
1565,9081,71,5
1565,9082,66,7
1566,9083,65,3
1566,9084,56,0
1567,9085,15,1
1568,9086,73,8
1569,9087,95,0
1569,9088,59,6
1570,9089,40,5
1570,9090,94,2
1570,9091,88,0
1572,9092,41,1
1572,9093,26,2
1575,9094,39,1
1577,9095,90,6
1577,9096,66,0
1579,9097,35,0
1581,9098,98,9
1581,9099,98,7
1581,9100,51,0
1582,9101,97,4
1582,9102,32,1
1582,9103,51,6
1582,9104,37,8
1582,9105,96,7
1583,9106,29,7
1583,9107,55,7
1584,9108,25,9
1585,9109,43,5
1586,9110,56,2
1586,9111,81,0
1587,9112,96,1
1587,9113,69,8
1590,9114,57,7
1590,9115,52,9
1591,9116,56,0
1592,9117,52,4
1592,9118,45,0
1593,9119,19,5
1593,9120,92,4
1594,9121,100,6
1596,9122,98,6
1596,9123,94,2
1597,9124,79,7
1597,9125,91,0
1597,9126,15,9
1599,9127,43,2
1599,9128,11,3
1599,9129,44,7
1599,9130,74,4
1600,9131,87,9
1601,9132,86,7
1606,9133,85,9
1608,9134,19,4
1609,9135,64,1
1610,9136,29,7
1611,9137,15,6
1611,9138,68,5
1611,9139,63,1
1611,9140,25,7
1611,9141,50,5
1612,9142,53,1
1613,9143,59,7
1614,9144,77,0
1616,9145,99,3
1616,9146,80,6
1619,9147,94,3
1620,9148,17,9
1621,9149,44,5
1622,9150,54,8
1622,9151,19,2
1622,9152,33,9
1623,9153,30,0
1624,9154,66,7
1626,9155,59,6
1626,9156,24,7
1627,9157,45,8
1629,9158,72,7
1629,9159,60,8
1630,9160,61,9
1630,9161,99,9
1630,9162,56,5
1631,9163,19,9
1631,9164,98,9
1631,9165,71,3
1632,9166,44,8
1634,9167,37,3
1634,9168,59,6
1636,9169,86,4
1637,9170,76,9
1637,9171,73,7
1642,9172,45,7
1642,9173,99,1
1642,9174,25,8
1643,9175,98,3
1643,9176,51,6
1644,9177,32,1
1646,9178,16,7
1646,9179,41,7
1647,9180,95,6
1647,9181,63,0
1647,9182,85,8
1647,9183,60,2
1648,9184,58,5
1648,9185,16,5
1649,9186,30,8
1649,9187,73,3
1650,9188,65,7
1650,9189,68,5
1650,9190,27,8
1650,9191,86,2
1650,9192,24,0
1650,9193,79,4
1650,9194,55,8
1650,9195,71,4
1652,9196,88,4
1652,9197,11,6
1653,9198,35,9
1654,9199,96,1
1654,9200,91,0
1654,9201,22,3
1654,9202,86,8
1654,9203,15,4
1655,9204,17,2
1656,9205,92,6
1657,9206,46,6
1657,9207,76,2
1657,9208,71,5
1657,9209,20,6
1657,9210,18,1
1658,9211,27,3
1659,9212,41,3
1660,9213,53,3
1660,9214,99,1
1661,9215,46,2
1662,9216,39,9
1663,9217,42,3
1663,9218,82,7
1663,9219,92,2
1663,9220,91,6
1664,9221,70,5
1664,9222,96,1
1666,9223,38,0
1667,9224,71,6
1667,9225,80,2
1668,9226,51,5
1668,9227,43,4
1669,9228,31,2
1670,9229,30,6
1670,9230,46,8
1670,9231,24,1
1670,9232,55,2
1672,9233,92,7
1672,9234,90,6
1674,9235,18,4
1675,9236,37,2
1676,9237,89,6
1676,9238,97,4
1676,9239,41,3
1677,9240,77,3
1679,9241,60,9
1680,9242,73,0
1680,9243,98,1
1680,9244,85,1
1682,9245,90,0
1683,9246,51,9
1685,9247,87,8
1685,9248,11,0
1685,9249,96,8
1685,9250,70,6
1689,9251,47,3
1689,9252,85,0
1689,9253,86,6
1691,9254,59,0
1691,9255,71,7
1693,9256,75,4
1693,9257,76,9
1693,9258,82,4
1693,9259,18,3
1694,9260,92,8
1694,9261,59,9
1696,9262,39,6
1698,9263,34,4
1698,9264,69,2
1700,9265,29,7
1701,9266,20,8
1701,9267,82,2
1702,9268,45,6
1702,9269,91,8
1703,9270,14,3
1704,9271,31,9
1704,9272,63,4
1704,9273,53,1
1704,9274,46,9
1704,9275,31,8
1704,9276,82,8
1705,9277,68,6
1706,9278,97,2
1708,9279,48,2
1708,9280,63,9
1709,9281,89,5
1710,9282,31,0
1710,9283,74,9
1710,9284,89,9
1712,9285,23,3
1712,9286,62,3
1713,9287,76,5
1714,9288,44,6
1715,9289,40,6
1716,9290,15,7
1717,9291,16,8
1718,9292,21,1
1719,9293,51,9
1720,9294,33,2
1721,9295,45,4
1722,9296,98,4
1723,9297,37,4
1724,9298,35,4
1725,9299,19,6
1726,9300,48,7
1727,9301,91,6
1728,9302,39,1
1729,9303,51,6
1730,9304,86,5
1731,9305,70,7
1732,9306,82,4
1733,9307,53,0
1734,9308,14,3
1735,9309,62,2
1736,9310,91,9
1737,9311,22,0
1738,9312,53,1
1739,9313,37,6
1740,9314,53,7
1741,9315,51,2
1742,9316,99,6
1743,9317,22,5
1744,9318,76,9
1745,9319,55,8
1746,9320,79,8
1747,9321,20,1
1748,9322,39,8
1749,9323,18,5
1750,9324,81,8
1751,9325,97,9
1752,9326,95,0
1753,9327,79,7
1754,9328,88,1
1755,9329,21,7
1756,9330,74,1
1757,9331,31,3
1758,9332,15,6
1759,9333,99,3
1760,9334,94,9
1761,9335,99,9
1762,9336,65,4
1763,9337,89,7
1764,9338,95,9
1765,9339,60,7
1766,9340,61,4
1767,9341,67,2
1768,9342,84,3
1769,9343,42,8
1770,9344,71,9
1771,9345,46,8
1772,9346,18,0
1773,9347,74,4
1774,9348,81,7
1775,9349,87,3
1776,9350,49,0
1777,9351,59,0
1778,9352,79,2
1779,9353,32,9
1780,9354,32,0
1781,9355,67,2
1782,9356,65,3
1783,9357,83,8
1784,9358,33,7
1785,9359,47,4
1786,9360,11,5
1787,9361,79,9
1788,9362,59,1
1789,9363,55,1
1790,9364,94,8
1791,9365,43,9
1792,9366,56,0
1793,9367,15,2
1794,9368,95,0
1795,9369,70,6
1796,9370,38,1
1797,9371,80,4
1798,9372,82,6
1799,9373,87,1
1800,9374,63,3
1801,9375,88,0
1802,9376,39,5
1803,9377,46,1
1804,9378,28,2
1805,9379,79,1
1806,9380,46,0
1807,9381,44,8
1808,9382,83,1
1809,9383,31,6
1810,9384,24,2
1811,9385,93,1
1812,9386,12,3
1813,9387,31,4
1814,9388,73,3
1815,9389,36,2
1816,9390,19,1
1817,9391,79,9
1818,9392,71,9
1819,9393,93,6
1820,9394,22,4
1821,9395,37,2
1822,9396,30,9
1823,9397,67,5
1824,9398,26,1
1825,9399,50,4
1826,9400,13,6
1827,9401,62,6
1828,9402,79,6
1829,9403,51,4
1830,9404,57,6
1831,9405,92,9
1832,9406,23,5
1833,9407,60,2
1834,9408,92,7
1835,9409,92,9
1836,9410,80,7
1837,9411,91,2
1838,9412,39,5
1839,9413,79,5
1840,9414,47,7
1841,9415,31,2
1842,9416,67,4
1843,9417,73,8
1844,9418,43,8
1845,9419,44,5
1846,9420,92,5
1847,9421,47,8
1848,9422,94,0
1849,9423,97,3
1850,9424,34,1
1851,9425,25,0
1852,9426,74,6
1853,9427,41,4
1854,9428,21,1
1855,9429,23,1
1856,9430,18,8
1857,9431,55,3
1858,9432,89,1
1859,9433,19,9
1860,9434,69,5
1861,9435,17,6
1862,9436,37,3
1863,9437,14,6
1864,9438,25,5
1865,9439,35,8
1866,9440,83,1
1867,9441,93,8
1868,9442,54,3
1869,9443,14,5
1870,9444,29,1
1871,9445,42,1
1872,9446,42,8
1873,9447,64,4
1874,9448,70,1
1875,9449,45,8
1876,9450,90,4
1877,9451,35,6
1878,9452,63,2
1879,9453,12,6
1880,9454,61,7
1881,9455,65,6
1882,9456,91,8
1883,9457,87,7
1884,9458,35,0
1885,9459,89,5
1886,9460,10,0
1887,9461,99,8
1888,9462,38,3
1889,9463,73,9
1890,9464,43,2
1891,9465,15,0
1892,9466,51,3
1893,9467,74,4
1894,9468,56,6
1895,9469,58,2
1896,9470,15,5
1897,9471,15,9
1898,9472,64,5
1899,9473,13,2
1900,9474,17,1
1901,9475,12,8
1902,9476,90,9
1903,9477,60,9
1904,9478,11,9
1905,9479,39,4
1906,9480,38,6
1907,9481,40,9
1908,9482,19,8
1909,9483,41,3
1910,9484,56,6
1911,9485,57,4
1912,9486,39,5
1913,9487,55,7
1914,9488,85,7
1915,9489,19,7
1916,9490,98,1
1917,9491,74,4
1918,9492,61,8
1919,9493,74,6
1920,9494,84,1
1921,9495,83,2
1922,9496,62,4
1923,9497,60,1
1924,9498,21,1
1925,9499,80,6
1926,9500,26,2
1927,9501,70,9
1928,9502,65,4
1929,9503,89,7
1930,9504,46,6
1931,9505,94,9
1932,9506,84,2
1933,9507,36,7
1934,9508,20,1
1935,9509,23,0
1936,9510,80,9
1937,9511,14,2
1938,9512,37,1
1939,9513,23,8
1940,9514,51,8
1941,9515,44,7
1942,9516,86,4
1943,9517,94,3
1944,9518,27,5
1945,9519,57,8
1946,9520,97,3
1947,9521,94,7
1948,9522,48,1
1949,9523,56,0
1950,9524,91,0
1951,9525,47,1
1952,9526,40,0
1953,9527,74,1
1954,9528,76,1
1955,9529,66,4
1956,9530,16,2
1957,9531,12,9
1958,9532,32,9
1959,9533,61,2
1960,9534,55,3
1961,9535,68,1
1962,9536,19,7
1963,9537,49,7
1964,9538,60,3
1965,9539,93,4
1966,9540,79,3
1967,9541,33,6
1968,9542,89,8
1969,9543,84,9
1970,9544,72,0
1971,9545,81,2
1972,9546,72,9
1973,9547,71,0
1974,9548,32,9
1975,9549,69,3
1976,9550,61,2
1977,9551,55,7
1978,9552,66,9
1979,9553,95,2
1980,9554,69,6
1981,9555,39,2
1982,9556,39,4
1983,9557,83,3
1984,9558,10,3
1985,9559,96,5
1986,9560,84,9
1987,9561,50,5
1988,9562,81,0
1989,9563,44,6
1990,9564,88,8
1991,9565,12,2
1992,9566,82,3
1993,9567,38,9
1994,9568,71,1
1995,9569,86,5
1996,9570,50,2
1997,9571,97,1
1998,9572,68,2
1999,9573,17,5
2000,9574,51,8
2001,9575,51,9
2002,9576,75,4
2003,9577,44,5
2004,9578,37,0
2005,9579,47,7
2006,9580,88,2
2007,9581,72,0
2008,9582,14,9
2009,9583,58,4
2010,9584,23,6
2011,9585,22,6
2012,9586,43,9
2013,9587,89,1
2014,9588,74,1
2015,9589,12,8
2016,9590,36,7
2017,9591,58,8
2018,9592,59,1
2019,9593,72,7
2020,9594,62,8
2021,9595,55,1
2022,9596,83,8
2023,9597,69,0
2024,9598,94,6
2025,9599,78,8
2026,9600,12,0
2027,9601,60,5
2028,9602,93,8
2029,9603,75,1
2030,9604,45,5
2031,9605,28,7
2032,9606,27,8
2033,9607,30,1
2034,9608,51,3
2035,9609,89,7
2036,9610,88,0
2037,9611,50,4
2038,9612,46,7
2039,9613,31,4
2040,9614,63,2
2041,9615,50,0
2042,9616,80,6
2043,9617,87,0
2044,9618,30,3
2045,9619,98,9
2046,9620,56,2
2047,9621,55,7
2048,9622,15,5
2049,9623,98,9
2050,9624,31,0
2051,9625,21,5
2052,9626,93,6
2053,9627,23,7
2054,9628,92,0
2055,9629,55,4
2056,9630,44,8
2057,9631,67,1
2058,9632,58,6
2059,9633,88,4
2060,9634,56,5
2061,9635,95,6
2062,9636,55,7
2063,9637,78,2
2064,9638,27,0
2065,9639,26,4
2066,9640,52,8
2067,9641,71,0
2068,9642,11,6
2069,9643,27,4
2070,9644,44,4
2071,9645,46,4
2072,9646,76,7
2073,9647,52,3
2074,9648,85,6
2075,9649,40,9
2076,9650,90,8
2077,9651,37,2
2078,9652,15,5
2079,9653,26,5
2080,9654,91,7
2081,9655,68,1
2082,9656,58,5
2083,9657,50,1
2084,9658,57,3
2085,9659,17,6
2086,9660,32,4
2087,9661,13,3
2088,9662,71,6
2089,9663,29,2
2090,9664,18,0
2091,9665,13,6
2092,9666,83,8
2093,9667,22,8
2094,9668,71,1
2095,9669,91,9
2096,9670,60,0
2097,9671,40,6
2098,9672,78,1
2099,9673,56,9
2100,9674,65,6
2101,9675,20,9
2102,9676,75,1
2103,9677,47,7
2104,9678,98,6
2105,9679,80,3
2106,9680,64,4
2107,9681,55,9
2108,9682,29,1
2109,9683,22,7
2110,9684,81,1
2111,9685,92,3
2112,9686,46,2
2113,9687,42,6
2114,9688,81,5
2115,9689,63,6
2116,9690,96,0
2117,9691,99,2
2118,9692,34,1
2119,9693,87,6
2120,9694,61,3
2121,9695,14,9
2122,9696,21,7
2123,9697,98,0
2124,9698,46,2
2125,9699,45,3
2126,9700,39,8
2127,9701,65,5
2128,9702,85,5
2129,9703,39,3
2130,9704,58,6
2131,9705,52,6
2132,9706,15,0
2133,9707,81,7
2134,9708,14,5
2135,9709,18,1
2136,9710,64,5
2137,9711,57,3
2138,9712,54,7
2139,9713,94,4
2140,9714,45,1
2141,9715,39,4
2142,9716,42,9
2143,9717,79,1
2144,9718,13,4
2145,9719,79,5
2146,9720,87,8
2147,9721,37,9
2148,9722,64,7
2149,9723,69,9
2150,9724,28,3
2151,9725,50,6
2152,9726,25,6
2153,9727,95,6
2154,9728,89,8
2155,9729,12,1
2156,9730,33,5
2157,9731,74,1
2158,9732,42,0
2159,9733,61,4
2160,9734,34,8
2161,9735,50,7
2162,9736,11,5
2163,9737,27,3
2164,9738,70,7
2165,9739,86,7
2166,9740,42,5
2167,9741,16,0
2168,9742,17,8
2169,9743,10,8
2170,9744,17,2
2171,9745,62,6
2172,9746,95,0
2173,9747,66,5
2174,9748,62,9
2175,9749,45,4
2176,9750,12,7
2177,9751,57,6
2178,9752,11,4
2179,9753,43,3
2180,9754,30,8
2181,9755,79,5
2182,9756,22,2
2183,9757,15,7
2184,9758,33,7
2185,9759,31,7
2186,9760,97,4
2187,9761,67,3
2188,9762,74,5
2189,9763,75,9
2190,9764,24,5
2191,9765,48,3
2192,9766,17,5
2193,9767,57,8
2194,9768,77,2
2195,9769,87,5
2196,9770,22,5
2197,9771,17,7
2198,9772,77,0
2199,9773,72,5
2200,9774,61,1
2201,9775,87,6
2202,9776,49,9
2203,9777,32,8
2204,9778,13,8
2205,9779,37,7
2206,9780,29,0
2207,9781,25,5
2208,9782,12,0
2209,9783,71,1
2210,9784,54,5
2211,9785,92,5
2212,9786,21,5
2213,9787,48,0
2214,9788,51,1
2215,9789,56,3
2216,9790,31,5
2217,9791,50,4
2218,9792,78,4
2219,9793,33,0
2220,9794,32,2
2221,9795,11,0
2222,9796,51,6
2223,9797,59,2
2224,9798,98,4
2225,9799,29,9
2226,9800,87,8
2227,9801,79,8
2228,9802,50,5
2229,9803,52,2
2230,9804,69,7
2231,9805,28,9
2232,9806,77,2
2233,9807,100,8
2234,9808,54,0
2235,9809,35,9
2236,9810,39,3
2237,9811,84,9
2238,9812,56,0
2239,9813,72,6
2240,9814,69,3
2241,9815,87,1
2242,9816,15,7
2243,9817,54,4
2244,9818,44,1
2245,9819,96,2
2246,9820,60,6
2247,9821,66,6
2248,9822,23,0
2249,9823,40,1
2250,9824,86,2
2251,9825,82,6
2252,9826,45,1
2253,9827,72,1
2254,9828,77,9
2255,9829,36,3
2256,9830,82,9
2257,9831,23,6
2258,9832,65,3
2259,9833,53,8
2260,9834,89,0
2261,9835,23,6
2262,9836,94,2
2263,9837,74,3
2264,9838,33,3
2265,9839,81,8
2266,9840,94,0
2267,9841,75,6
2268,9842,78,1
2269,9843,94,6
2270,9844,68,9
2271,9845,33,5
2272,9846,81,2
2273,9847,92,9
2274,9848,75,4
2275,9849,72,7
2276,9850,69,0
2277,9851,21,9
2278,9852,54,0
2279,9853,70,8
2280,9854,55,2
2281,9855,29,1
2282,9856,99,2
2283,9857,43,9
2284,9858,23,5
2285,9859,44,4
2286,9860,53,6
2287,9861,84,0
2288,9862,94,5
2289,9863,23,9
2290,9864,35,6
2291,9865,16,3
2292,9866,41,4
2293,9867,77,8
2294,9868,89,0
2295,9869,83,5
2296,9870,75,0
2297,9871,96,5
2298,9872,59,8
2299,9873,84,8
2300,9874,53,6
2301,9875,26,7
2302,9876,65,4
2303,9877,45,2
2304,9878,88,6
2305,9879,73,2
2306,9880,83,1
2307,9881,48,1
2308,9882,31,7
2309,9883,52,2
2310,9884,29,3
2311,9885,21,4
2312,9886,26,6
2313,9887,66,2
2314,9888,97,4
2315,9889,94,3
2316,9890,55,9
2317,9891,64,9
2318,9892,42,9
2319,9893,74,6
2320,9894,94,3
2321,9895,15,9
2322,9896,30,8
2323,9897,24,6
2324,9898,47,9
2325,9899,96,8
2326,9900,96,2
2327,9901,66,4
2328,9902,62,4
2329,9903,33,2
2330,9904,52,2
2331,9905,56,5
2332,9906,44,5
2333,9907,54,6
2334,9908,40,8
2335,9909,90,5
2336,9910,71,6
2337,9911,17,5
2338,9912,43,3
2339,9913,40,1
2340,9914,48,6
2341,9915,97,6
2342,9916,25,0
2343,9917,72,0
2344,9918,22,6
2345,9919,47,7
2346,9920,36,5
2347,9921,50,9
2348,9922,61,4
2349,9923,43,3
2350,9924,89,1
2351,9925,34,5
2352,9926,38,8
2353,9927,45,5
2354,9928,47,7
2355,9929,81,7
2356,9930,38,7
2357,9931,63,6
2358,9932,53,1
2359,9933,43,0
2360,9934,12,6
2361,9935,36,1
2362,9936,31,6
2363,9937,88,0
2364,9938,75,0
2365,9939,31,4
2366,9940,38,1
2367,9941,86,2
2368,9942,89,2
2369,9943,20,1
2370,9944,58,7
2371,9945,69,8
2372,9946,76,1
2373,9947,59,4
2374,9948,96,8
2375,9949,44,4
2376,9950,28,3
2377,9951,29,9
2378,9952,58,8
2379,9953,83,9
2380,9954,91,3
2381,9955,82,9
2382,9956,21,1
2383,9957,58,0
2384,9958,98,9
2385,9959,95,9
2386,9960,49,9
2387,9961,70,0
2388,9962,37,7
2389,9963,36,7
2390,9964,65,5
2391,9965,33,5
2392,9966,49,0
2393,9967,58,7
2394,9968,24,9
2395,9969,48,3
2396,9970,32,9
2397,9971,65,9
2398,9972,42,5
2399,9973,91,6
2400,9974,40,2
2401,9975,13,2
2402,9976,60,0
2403,9977,66,8
2404,9978,88,8
2405,9979,70,0
2406,9980,54,5
2407,9981,37,6
2408,9982,51,3
2409,9983,68,7
2410,9984,77,8
2411,9985,53,1
2412,9986,64,4
2413,9987,66,8
2414,9988,32,8
2415,9989,30,1
2416,9990,60,1
2417,9991,84,8
2418,9992,25,2
2419,9993,31,7
2420,9994,99,7
2421,9995,44,1
2422,9996,92,2
2423,9997,62,0
2424,9998,28,1
2425,9999,96,6
2426,10000,78,1
2427,10001,72,2
2428,10002,38,4
2429,10003,47,6
2430,10004,44,1
2431,10005,66,4
2432,10006,54,3
2433,10007,51,9
2434,10008,76,0
2435,10009,34,2
2436,10010,28,8
2437,10011,96,2
2438,10012,67,7
2439,10013,99,7
2440,10014,49,7
2441,10015,97,7
2442,10016,12,2
2443,10017,77,9
2444,10018,81,8
2445,10019,39,9
2446,10020,60,4
2447,10021,42,9
2448,10022,48,9
2449,10023,59,4
2450,10024,78,6
2451,10025,97,0
2452,10026,64,5
2453,10027,26,3
2454,10028,66,4
2455,10029,85,3
2456,10030,73,6
2457,10031,48,8
2458,10032,88,9
2459,10033,68,1
2460,10034,29,9
2461,10035,45,2
2462,10036,85,8
2463,10037,64,5
2464,10038,56,3
2465,10039,89,4
2466,10040,90,9
2467,10041,38,3
2468,10042,57,3
2469,10043,80,2
2470,10044,54,6
